user_query,user_query_timestamp,system_response,system_response_timestamp,session_name
Tell me about your parents.,2024-11-01 09:00:00,"My mother is 82 and lives with us. My father passed away three years ago. She has early-stage dementia and some days are better than others. It's been a big adjustment for our whole family.",2024-11-01 09:00:45,session_faculty_001
It sounds like your mother moving in was a major life change. How has that affected your daily routine as a faculty member?,2024-11-01 09:01:00,"Tremendously. I used to arrive at my office by 7am. Now I often can't leave until after 9 because I need to make sure she's settled and her caregiver has arrived. I've missed two early morning faculty meetings this semester already.",2024-11-01 09:01:52,session_faculty_001
You mentioned missing faculty meetings. How have your colleagues responded to that?,2024-11-01 09:02:10,"Most are understanding on the surface. But I can feel the judgment sometimes — especially from colleagues who don't have caregiving responsibilities. There's this unspoken expectation that you're always available. Academia doesn't really have a culture of acknowledging eldercare.",2024-11-01 09:03:05,session_faculty_001
That tension between institutional expectations and personal caregiving sounds exhausting. Can you describe a moment where those two worlds collided most sharply?,2024-11-01 09:03:20,"Last spring I had to leave a dissertation defense to rush my mother to the emergency room. I handed the chair my phone number and just left. I felt like I had failed everyone — my student, my department, and my mother all at once. I cried in the hospital parking lot.",2024-11-01 09:04:18,session_faculty_001
That moment in the parking lot — what emotions were you sitting with in that moment?,2024-11-01 09:04:35,"Guilt mostly. And a strange kind of grief, not just for my father who was gone, but for the version of myself I thought I would be as a professor. I had this image of being fully present, always available to students. Eldercare shattered that image.",2024-11-01 09:05:30,session_faculty_001
Tell me about your experience as a faculty caregiver.,2024-11-01 10:00:00,"I've been caring for my father-in-law for about two years now. He had a stroke and lives in a nursing home forty minutes away. I visit three times a week, which means leaving campus early on Tuesdays, Thursdays, and Saturdays.",2024-11-01 10:00:50,session_faculty_002
Three visits a week is a significant commitment. How do you protect that time within your academic schedule?,2024-11-01 10:01:10,"I block it on my calendar and treat it like an unmovable class. But honestly people still schedule things over it. I've had to become very direct — almost confrontational — about protecting that time. It's not my natural disposition.",2024-11-01 10:02:00,session_faculty_002
You said being confrontational isn't natural for you. Where does that conflict sit for you?,2024-11-01 10:02:20,"I was raised to be accommodating. My culture — I'm first-generation Filipino-American — places a lot of weight on not causing inconvenience to others. So asserting my caregiving needs feels like I'm being difficult, even when I know rationally that I'm not.",2024-11-01 10:03:15,session_faculty_002
The cultural dimension you're describing — how does that shape your relationship with your father-in-law himself?,2024-11-01 10:03:30,"We didn't always get along before his stroke. There's complexity there. Now I'm his primary advocate. I think I feel responsible in a way that goes beyond just duty — it's almost like I'm trying to prove something. Maybe to myself.",2024-11-01 10:04:25,session_faculty_002
What do you think you're trying to prove?,2024-11-01 10:04:40,"That I belong in this family. That I'm worthy. It sounds strange when I say it out loud. But caregiving has become tangled up with my sense of identity in ways I didn't expect.",2024-11-01 10:05:35,session_faculty_002
